[
{
  "model": "admin.logentry",
  "pk": 1,
  "fields": {
    "action_time": "2022-02-04T18:52:56.214Z",
    "user": 1,
    "content_type": 8,
    "object_id": "37",
    "object_repr": "37",
    "action_flag": 1,
    "change_message": "[{\"added\": {}}]"
  }
},
{
  "model": "admin.logentry",
  "pk": 2,
  "fields": {
    "action_time": "2022-02-04T18:53:27.199Z",
    "user": 1,
    "content_type": 8,
    "object_id": "37",
    "object_repr": "37",
    "action_flag": 3,
    "change_message": ""
  }
},
{
  "model": "admin.logentry",
  "pk": 3,
  "fields": {
    "action_time": "2022-02-04T18:54:21.839Z",
    "user": 1,
    "content_type": 12,
    "object_id": "23",
    "object_repr": "2.3 Johanna",
    "action_flag": 1,
    "change_message": "[{\"added\": {}}]"
  }
},
{
  "model": "admin.logentry",
  "pk": 4,
  "fields": {
    "action_time": "2022-02-05T04:34:00.573Z",
    "user": 1,
    "content_type": 12,
    "object_id": "3",
    "object_repr": "3.0 Adam",
    "action_flag": 2,
    "change_message": "[{\"changed\": {\"fields\": [\"Nota\"]}}]"
  }
},
{
  "model": "admin.logentry",
  "pk": 5,
  "fields": {
    "action_time": "2022-02-05T04:34:18.985Z",
    "user": 1,
    "content_type": 12,
    "object_id": "3",
    "object_repr": "2.8 Adam",
    "action_flag": 2,
    "change_message": "[{\"changed\": {\"fields\": [\"Nota\"]}}]"
  }
},
{
  "model": "admin.logentry",
  "pk": 6,
  "fields": {
    "action_time": "2022-02-05T04:37:46.393Z",
    "user": 1,
    "content_type": 11,
    "object_id": "13",
    "object_repr": "Perreologia",
    "action_flag": 1,
    "change_message": "[{\"added\": {}}]"
  }
},
{
  "model": "admin.logentry",
  "pk": 7,
  "fields": {
    "action_time": "2022-02-05T04:37:58.519Z",
    "user": 1,
    "content_type": 11,
    "object_id": "13",
    "object_repr": "Perreologia",
    "action_flag": 2,
    "change_message": "[{\"changed\": {\"fields\": [\"Nombre curso\"]}}]"
  }
},
{
  "model": "admin.logentry",
  "pk": 8,
  "fields": {
    "action_time": "2022-02-05T04:38:03.609Z",
    "user": 1,
    "content_type": 11,
    "object_id": "1",
    "object_repr": "programacion",
    "action_flag": 2,
    "change_message": "[{\"changed\": {\"fields\": [\"Nombre curso\"]}}]"
  }
},
{
  "model": "admin.logentry",
  "pk": 9,
  "fields": {
    "action_time": "2022-02-05T04:38:09.177Z",
    "user": 1,
    "content_type": 11,
    "object_id": "3",
    "object_repr": "matematicas",
    "action_flag": 2,
    "change_message": "[{\"changed\": {\"fields\": [\"Nombre curso\"]}}]"
  }
},
{
  "model": "admin.logentry",
  "pk": 10,
  "fields": {
    "action_time": "2022-02-05T04:38:15.883Z",
    "user": 1,
    "content_type": 11,
    "object_id": "6",
    "object_repr": "geografia",
    "action_flag": 2,
    "change_message": "[{\"changed\": {\"fields\": [\"Nombre curso\"]}}]"
  }
},
{
  "model": "admin.logentry",
  "pk": 11,
  "fields": {
    "action_time": "2022-02-05T04:39:05.359Z",
    "user": 1,
    "content_type": 8,
    "object_id": "74",
    "object_repr": "74",
    "action_flag": 1,
    "change_message": "[{\"added\": {}}]"
  }
},
{
  "model": "admin.logentry",
  "pk": 12,
  "fields": {
    "action_time": "2022-02-05T04:39:58.054Z",
    "user": 1,
    "content_type": 11,
    "object_id": "13",
    "object_repr": "Perreologia",
    "action_flag": 2,
    "change_message": "[]"
  }
},
{
  "model": "admin.logentry",
  "pk": 13,
  "fields": {
    "action_time": "2022-02-05T04:40:17.698Z",
    "user": 1,
    "content_type": 11,
    "object_id": "13",
    "object_repr": "perreologia",
    "action_flag": 2,
    "change_message": "[{\"changed\": {\"fields\": [\"Nombre curso\"]}}]"
  }
},
{
  "model": "admin.logentry",
  "pk": 14,
  "fields": {
    "action_time": "2022-02-05T04:41:02.962Z",
    "user": 1,
    "content_type": 7,
    "object_id": "13",
    "object_repr": "Jonathan",
    "action_flag": 1,
    "change_message": "[{\"added\": {}}]"
  }
},
{
  "model": "auth.permission",
  "pk": 1,
  "fields": {
    "name": "Can add log entry",
    "content_type": 1,
    "codename": "add_logentry"
  }
},
{
  "model": "auth.permission",
  "pk": 2,
  "fields": {
    "name": "Can change log entry",
    "content_type": 1,
    "codename": "change_logentry"
  }
},
{
  "model": "auth.permission",
  "pk": 3,
  "fields": {
    "name": "Can delete log entry",
    "content_type": 1,
    "codename": "delete_logentry"
  }
},
{
  "model": "auth.permission",
  "pk": 4,
  "fields": {
    "name": "Can view log entry",
    "content_type": 1,
    "codename": "view_logentry"
  }
},
{
  "model": "auth.permission",
  "pk": 5,
  "fields": {
    "name": "Can add permission",
    "content_type": 2,
    "codename": "add_permission"
  }
},
{
  "model": "auth.permission",
  "pk": 6,
  "fields": {
    "name": "Can change permission",
    "content_type": 2,
    "codename": "change_permission"
  }
},
{
  "model": "auth.permission",
  "pk": 7,
  "fields": {
    "name": "Can delete permission",
    "content_type": 2,
    "codename": "delete_permission"
  }
},
{
  "model": "auth.permission",
  "pk": 8,
  "fields": {
    "name": "Can view permission",
    "content_type": 2,
    "codename": "view_permission"
  }
},
{
  "model": "auth.permission",
  "pk": 9,
  "fields": {
    "name": "Can add group",
    "content_type": 3,
    "codename": "add_group"
  }
},
{
  "model": "auth.permission",
  "pk": 10,
  "fields": {
    "name": "Can change group",
    "content_type": 3,
    "codename": "change_group"
  }
},
{
  "model": "auth.permission",
  "pk": 11,
  "fields": {
    "name": "Can delete group",
    "content_type": 3,
    "codename": "delete_group"
  }
},
{
  "model": "auth.permission",
  "pk": 12,
  "fields": {
    "name": "Can view group",
    "content_type": 3,
    "codename": "view_group"
  }
},
{
  "model": "auth.permission",
  "pk": 13,
  "fields": {
    "name": "Can add user",
    "content_type": 4,
    "codename": "add_user"
  }
},
{
  "model": "auth.permission",
  "pk": 14,
  "fields": {
    "name": "Can change user",
    "content_type": 4,
    "codename": "change_user"
  }
},
{
  "model": "auth.permission",
  "pk": 15,
  "fields": {
    "name": "Can delete user",
    "content_type": 4,
    "codename": "delete_user"
  }
},
{
  "model": "auth.permission",
  "pk": 16,
  "fields": {
    "name": "Can view user",
    "content_type": 4,
    "codename": "view_user"
  }
},
{
  "model": "auth.permission",
  "pk": 17,
  "fields": {
    "name": "Can add content type",
    "content_type": 5,
    "codename": "add_contenttype"
  }
},
{
  "model": "auth.permission",
  "pk": 18,
  "fields": {
    "name": "Can change content type",
    "content_type": 5,
    "codename": "change_contenttype"
  }
},
{
  "model": "auth.permission",
  "pk": 19,
  "fields": {
    "name": "Can delete content type",
    "content_type": 5,
    "codename": "delete_contenttype"
  }
},
{
  "model": "auth.permission",
  "pk": 20,
  "fields": {
    "name": "Can view content type",
    "content_type": 5,
    "codename": "view_contenttype"
  }
},
{
  "model": "auth.permission",
  "pk": 21,
  "fields": {
    "name": "Can add session",
    "content_type": 6,
    "codename": "add_session"
  }
},
{
  "model": "auth.permission",
  "pk": 22,
  "fields": {
    "name": "Can change session",
    "content_type": 6,
    "codename": "change_session"
  }
},
{
  "model": "auth.permission",
  "pk": 23,
  "fields": {
    "name": "Can delete session",
    "content_type": 6,
    "codename": "delete_session"
  }
},
{
  "model": "auth.permission",
  "pk": 24,
  "fields": {
    "name": "Can view session",
    "content_type": 6,
    "codename": "view_session"
  }
},
{
  "model": "auth.permission",
  "pk": 25,
  "fields": {
    "name": "Can add alumno",
    "content_type": 7,
    "codename": "add_alumno"
  }
},
{
  "model": "auth.permission",
  "pk": 26,
  "fields": {
    "name": "Can change alumno",
    "content_type": 7,
    "codename": "change_alumno"
  }
},
{
  "model": "auth.permission",
  "pk": 27,
  "fields": {
    "name": "Can delete alumno",
    "content_type": 7,
    "codename": "delete_alumno"
  }
},
{
  "model": "auth.permission",
  "pk": 28,
  "fields": {
    "name": "Can view alumno",
    "content_type": 7,
    "codename": "view_alumno"
  }
},
{
  "model": "auth.permission",
  "pk": 29,
  "fields": {
    "name": "Can add alumno_ curso",
    "content_type": 8,
    "codename": "add_alumno_curso"
  }
},
{
  "model": "auth.permission",
  "pk": 30,
  "fields": {
    "name": "Can change alumno_ curso",
    "content_type": 8,
    "codename": "change_alumno_curso"
  }
},
{
  "model": "auth.permission",
  "pk": 31,
  "fields": {
    "name": "Can delete alumno_ curso",
    "content_type": 8,
    "codename": "delete_alumno_curso"
  }
},
{
  "model": "auth.permission",
  "pk": 32,
  "fields": {
    "name": "Can view alumno_ curso",
    "content_type": 8,
    "codename": "view_alumno_curso"
  }
},
{
  "model": "auth.permission",
  "pk": 33,
  "fields": {
    "name": "Can add profesor",
    "content_type": 9,
    "codename": "add_profesor"
  }
},
{
  "model": "auth.permission",
  "pk": 34,
  "fields": {
    "name": "Can change profesor",
    "content_type": 9,
    "codename": "change_profesor"
  }
},
{
  "model": "auth.permission",
  "pk": 35,
  "fields": {
    "name": "Can delete profesor",
    "content_type": 9,
    "codename": "delete_profesor"
  }
},
{
  "model": "auth.permission",
  "pk": 36,
  "fields": {
    "name": "Can view profesor",
    "content_type": 9,
    "codename": "view_profesor"
  }
},
{
  "model": "auth.permission",
  "pk": 37,
  "fields": {
    "name": "Can add prueba",
    "content_type": 10,
    "codename": "add_prueba"
  }
},
{
  "model": "auth.permission",
  "pk": 38,
  "fields": {
    "name": "Can change prueba",
    "content_type": 10,
    "codename": "change_prueba"
  }
},
{
  "model": "auth.permission",
  "pk": 39,
  "fields": {
    "name": "Can delete prueba",
    "content_type": 10,
    "codename": "delete_prueba"
  }
},
{
  "model": "auth.permission",
  "pk": 40,
  "fields": {
    "name": "Can view prueba",
    "content_type": 10,
    "codename": "view_prueba"
  }
},
{
  "model": "auth.permission",
  "pk": 41,
  "fields": {
    "name": "Can add curso",
    "content_type": 11,
    "codename": "add_curso"
  }
},
{
  "model": "auth.permission",
  "pk": 42,
  "fields": {
    "name": "Can change curso",
    "content_type": 11,
    "codename": "change_curso"
  }
},
{
  "model": "auth.permission",
  "pk": 43,
  "fields": {
    "name": "Can delete curso",
    "content_type": 11,
    "codename": "delete_curso"
  }
},
{
  "model": "auth.permission",
  "pk": 44,
  "fields": {
    "name": "Can view curso",
    "content_type": 11,
    "codename": "view_curso"
  }
},
{
  "model": "auth.permission",
  "pk": 45,
  "fields": {
    "name": "Can add alumno_ curso_ prueba",
    "content_type": 12,
    "codename": "add_alumno_curso_prueba"
  }
},
{
  "model": "auth.permission",
  "pk": 46,
  "fields": {
    "name": "Can change alumno_ curso_ prueba",
    "content_type": 12,
    "codename": "change_alumno_curso_prueba"
  }
},
{
  "model": "auth.permission",
  "pk": 47,
  "fields": {
    "name": "Can delete alumno_ curso_ prueba",
    "content_type": 12,
    "codename": "delete_alumno_curso_prueba"
  }
},
{
  "model": "auth.permission",
  "pk": 48,
  "fields": {
    "name": "Can view alumno_ curso_ prueba",
    "content_type": 12,
    "codename": "view_alumno_curso_prueba"
  }
},
{
  "model": "auth.user",
  "pk": 1,
  "fields": {
    "password": "pbkdf2_sha256$320000$vUV4qfJnJ4vX4lzhEPwiZe$rtecDzEEEWuHn6HgIqNvtgaSNOJt1Fq5jXbpIvAqkGo=",
    "last_login": "2022-02-06T21:29:06.383Z",
    "is_superuser": true,
    "username": "marcelo",
    "first_name": "",
    "last_name": "",
    "email": "snaker.extreme.15@gmail.com",
    "is_staff": true,
    "is_active": true,
    "date_joined": "2022-02-03T18:46:19.879Z",
    "groups": [],
    "user_permissions": []
  }
},
{
  "model": "contenttypes.contenttype",
  "pk": 1,
  "fields": {
    "app_label": "admin",
    "model": "logentry"
  }
},
{
  "model": "contenttypes.contenttype",
  "pk": 2,
  "fields": {
    "app_label": "auth",
    "model": "permission"
  }
},
{
  "model": "contenttypes.contenttype",
  "pk": 3,
  "fields": {
    "app_label": "auth",
    "model": "group"
  }
},
{
  "model": "contenttypes.contenttype",
  "pk": 4,
  "fields": {
    "app_label": "auth",
    "model": "user"
  }
},
{
  "model": "contenttypes.contenttype",
  "pk": 5,
  "fields": {
    "app_label": "contenttypes",
    "model": "contenttype"
  }
},
{
  "model": "contenttypes.contenttype",
  "pk": 6,
  "fields": {
    "app_label": "sessions",
    "model": "session"
  }
},
{
  "model": "contenttypes.contenttype",
  "pk": 7,
  "fields": {
    "app_label": "core",
    "model": "alumno"
  }
},
{
  "model": "contenttypes.contenttype",
  "pk": 8,
  "fields": {
    "app_label": "core",
    "model": "alumno_curso"
  }
},
{
  "model": "contenttypes.contenttype",
  "pk": 9,
  "fields": {
    "app_label": "core",
    "model": "profesor"
  }
},
{
  "model": "contenttypes.contenttype",
  "pk": 10,
  "fields": {
    "app_label": "core",
    "model": "prueba"
  }
},
{
  "model": "contenttypes.contenttype",
  "pk": 11,
  "fields": {
    "app_label": "core",
    "model": "curso"
  }
},
{
  "model": "contenttypes.contenttype",
  "pk": 12,
  "fields": {
    "app_label": "core",
    "model": "alumno_curso_prueba"
  }
},
{
  "model": "sessions.session",
  "pk": "cfdo1wvuflw738gh4u7dzderpd6u1qdx",
  "fields": {
    "session_data": ".eJxVjEEOwiAQRe_C2hBgKIMu3fcMBBhGqoYmpV0Z765NutDtf-_9lwhxW2vYelnCROIitDj9binmR2k7oHtst1nmua3LlOSuyIN2Oc5UntfD_TuosddvDRZARUaLNBBrS4kwG03g0agzK84uciJORsMA2bFPBjNqMMp751G8P-XgN6I:1nFutn:nFvCGvLdYn9xICEkfZ1LB-A-MoPL4qP5abLdoJLPuuU",
    "expire_date": "2022-02-18T09:28:59.686Z"
  }
},
{
  "model": "sessions.session",
  "pk": "hc4251io0ijdma71sjh7i8cfpe3h3dg1",
  "fields": {
    "session_data": ".eJxVjEEOwiAQRe_C2hBgKIMu3fcMBBhGqoYmpV0Z765NutDtf-_9lwhxW2vYelnCROIitDj9binmR2k7oHtst1nmua3LlOSuyIN2Oc5UntfD_TuosddvDRZARUaLNBBrS4kwG03g0agzK84uciJORsMA2bFPBjNqMMp751G8P-XgN6I:1nGln3:KwHDEO2cZ6PI_o62Gkhjts5Jn-wKf79xNQ0GrBFyytI",
    "expire_date": "2022-02-20T17:57:33.411Z"
  }
},
{
  "model": "sessions.session",
  "pk": "htiol8rzzli0dtgsswly8uwk0l87hh88",
  "fields": {
    "session_data": ".eJxVjEEOwiAQRe_C2hBgKIMu3fcMBBhGqoYmpV0Z765NutDtf-_9lwhxW2vYelnCROIitDj9binmR2k7oHtst1nmua3LlOSuyIN2Oc5UntfD_TuosddvDRZARUaLNBBrS4kwG03g0agzK84uciJORsMA2bFPBjNqMMp751G8P-XgN6I:1nGp5m:wB71JC56pcC-779tZZag6rDUy5BK7IsEQGWlDK4VvWA",
    "expire_date": "2022-02-20T21:29:06.384Z"
  }
},
{
  "model": "sessions.session",
  "pk": "pytxiqb224khsuxt1liefnhzc8un31nz",
  "fields": {
    "session_data": ".eJxVjEEOwiAQRe_C2hBgKIMu3fcMBBhGqoYmpV0Z765NutDtf-_9lwhxW2vYelnCROIitDj9binmR2k7oHtst1nmua3LlOSuyIN2Oc5UntfD_TuosddvDRZARUaLNBBrS4kwG03g0agzK84uciJORsMA2bFPBjNqMMp751G8P-XgN6I:1nFh87:A3Kpzy_Cjg_ufSdjSHJsxcRbM8J1VqTmkhVcE4JErHI",
    "expire_date": "2022-02-17T18:46:51.340Z"
  }
},
{
  "model": "sessions.session",
  "pk": "tvgzsb1qo0rsq5ubcge01vu0kxh54z5v",
  "fields": {
    "session_data": ".eJxVjEEOwiAQRe_C2hBgKIMu3fcMBBhGqoYmpV0Z765NutDtf-_9lwhxW2vYelnCROIitDj9binmR2k7oHtst1nmua3LlOSuyIN2Oc5UntfD_TuosddvDRZARUaLNBBrS4kwG03g0agzK84uciJORsMA2bFPBjNqMMp751G8P-XgN6I:1nGnHN:zil502w9EZ4DKh1_-wGBlLtmZTtm4iIZ2A-hMn57C88",
    "expire_date": "2022-02-20T19:32:57.808Z"
  }
},
{
  "model": "core.alumno",
  "pk": 1,
  "fields": {
    "nombre": "Adam",
    "apellido": "Samdler",
    "email": "blabla@hotmail.com",
    "telefono": "4324324"
  }
},
{
  "model": "core.alumno",
  "pk": 2,
  "fields": {
    "nombre": "Drew",
    "apellido": "Barrymore",
    "email": "blablddddda@hotmail.com",
    "telefono": "43234324"
  }
},
{
  "model": "core.alumno",
  "pk": 3,
  "fields": {
    "nombre": "Ron",
    "apellido": "Wesley",
    "email": "blabla@hottttmail.com",
    "telefono": "432423324"
  }
},
{
  "model": "core.alumno",
  "pk": 4,
  "fields": {
    "nombre": "Bruno",
    "apellido": "Mars",
    "email": "5442332we@hotmail.com",
    "telefono": "3423565"
  }
},
{
  "model": "core.alumno",
  "pk": 5,
  "fields": {
    "nombre": "Daniel",
    "apellido": "Simmons",
    "email": "asdashfsdf@hotmail.com",
    "telefono": "54353465"
  }
},
{
  "model": "core.alumno",
  "pk": 6,
  "fields": {
    "nombre": "Johanna",
    "apellido": "Negrete",
    "email": "jhhdfvr@hotmail.com",
    "telefono": "7856454"
  }
},
{
  "model": "core.alumno",
  "pk": 13,
  "fields": {
    "nombre": "Jonathan",
    "apellido": "Saez",
    "email": "jonab@hotmail.com",
    "telefono": "987854765"
  }
},
{
  "model": "core.profesor",
  "pk": 1,
  "fields": {
    "nombre": "Roberto",
    "apellido": "Vasquez",
    "email": "profe@gmail.com",
    "telefono": "786437"
  }
},
{
  "model": "core.profesor",
  "pk": 2,
  "fields": {
    "nombre": "Alan",
    "apellido": "Ossandon",
    "email": "profe23434@gmail.com",
    "telefono": "65765"
  }
},
{
  "model": "core.profesor",
  "pk": 3,
  "fields": {
    "nombre": "Jimmy",
    "apellido": "Fallon",
    "email": "profe56434@gmail.com",
    "telefono": "534543"
  }
},
{
  "model": "core.profesor",
  "pk": 4,
  "fields": {
    "nombre": "Lana",
    "apellido": "Trasquilada",
    "email": "profe675645@gmail.com",
    "telefono": "2354575"
  }
},
{
  "model": "core.curso",
  "pk": 1,
  "fields": {
    "nombre_curso": "programacion",
    "profesor": 1
  }
},
{
  "model": "core.curso",
  "pk": 2,
  "fields": {
    "nombre_curso": "historia",
    "profesor": 2
  }
},
{
  "model": "core.curso",
  "pk": 3,
  "fields": {
    "nombre_curso": "matematicas",
    "profesor": 3
  }
},
{
  "model": "core.curso",
  "pk": 4,
  "fields": {
    "nombre_curso": "fisica",
    "profesor": 3
  }
},
{
  "model": "core.curso",
  "pk": 5,
  "fields": {
    "nombre_curso": "bases de datos",
    "profesor": 4
  }
},
{
  "model": "core.curso",
  "pk": 6,
  "fields": {
    "nombre_curso": "geografia",
    "profesor": 2
  }
},
{
  "model": "core.curso",
  "pk": 13,
  "fields": {
    "nombre_curso": "perreologia",
    "profesor": 4
  }
},
{
  "model": "core.alumno_curso",
  "pk": 1,
  "fields": {
    "alumno": 1,
    "curso": 1
  }
},
{
  "model": "core.alumno_curso",
  "pk": 2,
  "fields": {
    "alumno": 1,
    "curso": 2
  }
},
{
  "model": "core.alumno_curso",
  "pk": 3,
  "fields": {
    "alumno": 1,
    "curso": 3
  }
},
{
  "model": "core.alumno_curso",
  "pk": 4,
  "fields": {
    "alumno": 1,
    "curso": 4
  }
},
{
  "model": "core.alumno_curso",
  "pk": 5,
  "fields": {
    "alumno": 1,
    "curso": 5
  }
},
{
  "model": "core.alumno_curso",
  "pk": 6,
  "fields": {
    "alumno": 1,
    "curso": 6
  }
},
{
  "model": "core.alumno_curso",
  "pk": 7,
  "fields": {
    "alumno": 2,
    "curso": 1
  }
},
{
  "model": "core.alumno_curso",
  "pk": 8,
  "fields": {
    "alumno": 2,
    "curso": 2
  }
},
{
  "model": "core.alumno_curso",
  "pk": 9,
  "fields": {
    "alumno": 2,
    "curso": 3
  }
},
{
  "model": "core.alumno_curso",
  "pk": 10,
  "fields": {
    "alumno": 2,
    "curso": 4
  }
},
{
  "model": "core.alumno_curso",
  "pk": 11,
  "fields": {
    "alumno": 2,
    "curso": 5
  }
},
{
  "model": "core.alumno_curso",
  "pk": 12,
  "fields": {
    "alumno": 2,
    "curso": 6
  }
},
{
  "model": "core.alumno_curso",
  "pk": 13,
  "fields": {
    "alumno": 3,
    "curso": 1
  }
},
{
  "model": "core.alumno_curso",
  "pk": 14,
  "fields": {
    "alumno": 3,
    "curso": 2
  }
},
{
  "model": "core.alumno_curso",
  "pk": 15,
  "fields": {
    "alumno": 3,
    "curso": 3
  }
},
{
  "model": "core.alumno_curso",
  "pk": 16,
  "fields": {
    "alumno": 3,
    "curso": 4
  }
},
{
  "model": "core.alumno_curso",
  "pk": 17,
  "fields": {
    "alumno": 3,
    "curso": 5
  }
},
{
  "model": "core.alumno_curso",
  "pk": 18,
  "fields": {
    "alumno": 3,
    "curso": 6
  }
},
{
  "model": "core.alumno_curso",
  "pk": 19,
  "fields": {
    "alumno": 4,
    "curso": 1
  }
},
{
  "model": "core.alumno_curso",
  "pk": 20,
  "fields": {
    "alumno": 4,
    "curso": 2
  }
},
{
  "model": "core.alumno_curso",
  "pk": 21,
  "fields": {
    "alumno": 4,
    "curso": 3
  }
},
{
  "model": "core.alumno_curso",
  "pk": 22,
  "fields": {
    "alumno": 4,
    "curso": 4
  }
},
{
  "model": "core.alumno_curso",
  "pk": 23,
  "fields": {
    "alumno": 4,
    "curso": 5
  }
},
{
  "model": "core.alumno_curso",
  "pk": 24,
  "fields": {
    "alumno": 4,
    "curso": 6
  }
},
{
  "model": "core.alumno_curso",
  "pk": 25,
  "fields": {
    "alumno": 5,
    "curso": 1
  }
},
{
  "model": "core.alumno_curso",
  "pk": 26,
  "fields": {
    "alumno": 5,
    "curso": 2
  }
},
{
  "model": "core.alumno_curso",
  "pk": 27,
  "fields": {
    "alumno": 5,
    "curso": 3
  }
},
{
  "model": "core.alumno_curso",
  "pk": 28,
  "fields": {
    "alumno": 5,
    "curso": 4
  }
},
{
  "model": "core.alumno_curso",
  "pk": 29,
  "fields": {
    "alumno": 5,
    "curso": 5
  }
},
{
  "model": "core.alumno_curso",
  "pk": 30,
  "fields": {
    "alumno": 5,
    "curso": 6
  }
},
{
  "model": "core.alumno_curso",
  "pk": 31,
  "fields": {
    "alumno": 6,
    "curso": 1
  }
},
{
  "model": "core.alumno_curso",
  "pk": 32,
  "fields": {
    "alumno": 6,
    "curso": 2
  }
},
{
  "model": "core.alumno_curso",
  "pk": 33,
  "fields": {
    "alumno": 6,
    "curso": 3
  }
},
{
  "model": "core.alumno_curso",
  "pk": 34,
  "fields": {
    "alumno": 6,
    "curso": 4
  }
},
{
  "model": "core.alumno_curso",
  "pk": 35,
  "fields": {
    "alumno": 6,
    "curso": 5
  }
},
{
  "model": "core.alumno_curso",
  "pk": 36,
  "fields": {
    "alumno": 6,
    "curso": 6
  }
},
{
  "model": "core.alumno_curso",
  "pk": 74,
  "fields": {
    "alumno": 1,
    "curso": 13
  }
},
{
  "model": "core.prueba",
  "pk": 1,
  "fields": {
    "nombre_prueba": "programacion",
    "curso": 1
  }
},
{
  "model": "core.prueba",
  "pk": 2,
  "fields": {
    "nombre_prueba": "programacion 2",
    "curso": 1
  }
},
{
  "model": "core.prueba",
  "pk": 3,
  "fields": {
    "nombre_prueba": "programacion 3",
    "curso": 1
  }
},
{
  "model": "core.prueba",
  "pk": 4,
  "fields": {
    "nombre_prueba": "historia 1",
    "curso": 2
  }
},
{
  "model": "core.prueba",
  "pk": 5,
  "fields": {
    "nombre_prueba": "historia 2",
    "curso": 2
  }
},
{
  "model": "core.prueba",
  "pk": 6,
  "fields": {
    "nombre_prueba": "matematica",
    "curso": 3
  }
},
{
  "model": "core.prueba",
  "pk": 7,
  "fields": {
    "nombre_prueba": "matematica 2",
    "curso": 3
  }
},
{
  "model": "core.prueba",
  "pk": 8,
  "fields": {
    "nombre_prueba": "fisica 1",
    "curso": 4
  }
},
{
  "model": "core.prueba",
  "pk": 9,
  "fields": {
    "nombre_prueba": "fisica 2",
    "curso": 4
  }
},
{
  "model": "core.prueba",
  "pk": 10,
  "fields": {
    "nombre_prueba": "bases de datos",
    "curso": 5
  }
},
{
  "model": "core.prueba",
  "pk": 11,
  "fields": {
    "nombre_prueba": "bases de datos 2",
    "curso": 5
  }
},
{
  "model": "core.prueba",
  "pk": 12,
  "fields": {
    "nombre_prueba": "geografia 1",
    "curso": 6
  }
},
{
  "model": "core.prueba",
  "pk": 13,
  "fields": {
    "nombre_prueba": "geografia 2",
    "curso": 6
  }
},
{
  "model": "core.alumno_curso_prueba",
  "pk": 1,
  "fields": {
    "alumno_curso": 1,
    "prueba": 1,
    "nota": 3.4
  }
},
{
  "model": "core.alumno_curso_prueba",
  "pk": 2,
  "fields": {
    "alumno_curso": 1,
    "prueba": 2,
    "nota": 3.2
  }
},
{
  "model": "core.alumno_curso_prueba",
  "pk": 3,
  "fields": {
    "alumno_curso": 1,
    "prueba": 3,
    "nota": 2.8
  }
},
{
  "model": "core.alumno_curso_prueba",
  "pk": 4,
  "fields": {
    "alumno_curso": 2,
    "prueba": 4,
    "nota": 3.0
  }
},
{
  "model": "core.alumno_curso_prueba",
  "pk": 5,
  "fields": {
    "alumno_curso": 2,
    "prueba": 5,
    "nota": 3.2
  }
},
{
  "model": "core.alumno_curso_prueba",
  "pk": 6,
  "fields": {
    "alumno_curso": 7,
    "prueba": 1,
    "nota": 3.3
  }
},
{
  "model": "core.alumno_curso_prueba",
  "pk": 7,
  "fields": {
    "alumno_curso": 7,
    "prueba": 2,
    "nota": 3.6
  }
},
{
  "model": "core.alumno_curso_prueba",
  "pk": 8,
  "fields": {
    "alumno_curso": 7,
    "prueba": 3,
    "nota": 3.7
  }
},
{
  "model": "core.alumno_curso_prueba",
  "pk": 9,
  "fields": {
    "alumno_curso": 8,
    "prueba": 4,
    "nota": 3.0
  }
},
{
  "model": "core.alumno_curso_prueba",
  "pk": 10,
  "fields": {
    "alumno_curso": 8,
    "prueba": 5,
    "nota": 3.5
  }
},
{
  "model": "core.alumno_curso_prueba",
  "pk": 11,
  "fields": {
    "alumno_curso": 3,
    "prueba": 6,
    "nota": 7.0
  }
},
{
  "model": "core.alumno_curso_prueba",
  "pk": 12,
  "fields": {
    "alumno_curso": 3,
    "prueba": 7,
    "nota": 6.6
  }
},
{
  "model": "core.alumno_curso_prueba",
  "pk": 13,
  "fields": {
    "alumno_curso": 9,
    "prueba": 6,
    "nota": 5.5
  }
},
{
  "model": "core.alumno_curso_prueba",
  "pk": 14,
  "fields": {
    "alumno_curso": 9,
    "prueba": 7,
    "nota": 7.0
  }
},
{
  "model": "core.alumno_curso_prueba",
  "pk": 15,
  "fields": {
    "alumno_curso": 16,
    "prueba": 8,
    "nota": 6.0
  }
},
{
  "model": "core.alumno_curso_prueba",
  "pk": 16,
  "fields": {
    "alumno_curso": 16,
    "prueba": 9,
    "nota": 6.0
  }
},
{
  "model": "core.alumno_curso_prueba",
  "pk": 17,
  "fields": {
    "alumno_curso": 17,
    "prueba": 10,
    "nota": 7.0
  }
},
{
  "model": "core.alumno_curso_prueba",
  "pk": 18,
  "fields": {
    "alumno_curso": 17,
    "prueba": 11,
    "nota": 7.0
  }
},
{
  "model": "core.alumno_curso_prueba",
  "pk": 19,
  "fields": {
    "alumno_curso": 22,
    "prueba": 8,
    "nota": 6.0
  }
},
{
  "model": "core.alumno_curso_prueba",
  "pk": 20,
  "fields": {
    "alumno_curso": 22,
    "prueba": 9,
    "nota": 6.0
  }
},
{
  "model": "core.alumno_curso_prueba",
  "pk": 21,
  "fields": {
    "alumno_curso": 23,
    "prueba": 10,
    "nota": 7.0
  }
},
{
  "model": "core.alumno_curso_prueba",
  "pk": 22,
  "fields": {
    "alumno_curso": 23,
    "prueba": 11,
    "nota": 7.0
  }
},
{
  "model": "core.alumno_curso_prueba",
  "pk": 23,
  "fields": {
    "alumno_curso": 36,
    "prueba": 12,
    "nota": 2.3
  }
}
]
